{
  "main": {
    "id": "639eb91ee06c1d68",
    "type": "split",
    "children": [
      {
        "id": "32866d138e961bbe",
        "type": "tabs",
        "children": [
          {
            "id": "0e3d4054b4547b4e",
            "type": "leaf",
            "state": {
              "type": "canvas",
              "state": {
                "file": "Bootloader Customization/Flow of content.canvas",
                "viewState": {
                  "x": -185,
                  "y": -390,
                  "zoom": 0
                }
              }
            }
          },
          {
            "id": "aa97774b4e39fbdc",
            "type": "leaf",
            "state": {
              "type": "canvas",
              "state": {
                "file": "Bootloader Customization/Flow of content.canvas",
                "viewState": {
                  "x": -396.5,
                  "y": -585,
                  "zoom": 0
                }
              }
            }
          },
          {
            "id": "0e00d61d1a2838f0",
            "type": "leaf",
            "state": {
              "type": "markdown",
              "state": {
                "file": "Bootloader Customization/U Boot.md",
                "mode": "source",
                "source": false
              }
            }
          }
        ],
        "currentTab": 2
      }
    ],
    "direction": "vertical"
  },
  "left": {
    "id": "511cb3072fbbc522",
    "type": "split",
    "children": [
      {
        "id": "837cf665fc954a15",
        "type": "tabs",
        "children": [
          {
            "id": "6150587cce6cd13c",
            "type": "leaf",
            "state": {
              "type": "file-explorer",
              "state": {
                "sortOrder": "alphabetical"
              }
            }
          },
          {
            "id": "ded041f061680386",
            "type": "leaf",
            "state": {
              "type": "search",
              "state": {
                "query": "",
                "matchingCase": false,
                "explainSearch": false,
                "collapseAll": false,
                "extraContext": false,
                "sortOrder": "alphabetical"
              }
            }
          },
          {
            "id": "6f2802212c5b8f0a",
            "type": "leaf",
            "state": {
              "type": "bookmarks",
              "state": {}
            }
          }
        ]
      }
    ],
    "direction": "horizontal",
    "width": 300
  },
  "right": {
    "id": "97ab0a4043402415",
    "type": "split",
    "children": [
      {
        "id": "f58933e147e45cf4",
        "type": "tabs",
        "children": [
          {
            "id": "875f414cfe6ea9d5",
            "type": "leaf",
            "state": {
              "type": "backlink",
              "state": {
                "file": "Bootloader Customization/U Boot.md",
                "collapseAll": false,
                "extraContext": false,
                "sortOrder": "alphabetical",
                "showSearch": false,
                "searchQuery": "",
                "backlinkCollapsed": false,
                "unlinkedCollapsed": true
              }
            }
          },
          {
            "id": "61f97d0f269b68f1",
            "type": "leaf",
            "state": {
              "type": "outgoing-link",
              "state": {
                "file": "Bootloader Customization/U Boot.md",
                "linksCollapsed": false,
                "unlinkedCollapsed": true
              }
            }
          },
          {
            "id": "ce4f9215f61e121b",
            "type": "leaf",
            "state": {
              "type": "tag",
              "state": {
                "sortOrder": "frequency",
                "useHierarchy": true
              }
            }
          },
          {
            "id": "cad60c65431f4775",
            "type": "leaf",
            "state": {
              "type": "outline",
              "state": {
                "file": "Bootloader Customization/U Boot.md"
              }
            }
          }
        ]
      }
    ],
    "direction": "horizontal",
    "width": 300,
    "collapsed": true
  },
  "left-ribbon": {
    "hiddenItems": {
      "switcher:Open quick switcher": false,
      "graph:Open graph view": false,
      "canvas:Create new canvas": false,
      "daily-notes:Open today's daily note": false,
      "templates:Insert template": false,
      "command-palette:Open command palette": false
    }
  },
  "active": "0e00d61d1a2838f0",
  "lastOpenFiles": [
    "Bootloader Customization/SOC (System on chip).md",
    "Bootloader Customization/U Boot.md",
    "Bootloader Customization/Boot loader.md",
    "Bootloader Customization/Flow of content.canvas",
    "Bootloader Customization/Pasted image 20240912171818.png",
    "Bootloader Customization/Pasted image 20240912180335.png",
    "Pasted image 20240912170051.png",
    "Pasted image 20240912165558.png",
    "Welcome.md",
    "Bootloader Customization"
  ]
}