{
  "main": {
    "id": "a7999dc110e21817",
    "type": "split",
    "children": [
      {
        "id": "72b103c9d9b99cd4",
        "type": "tabs",
        "children": [
          {
            "id": "ec0e5d5afa1e2769",
            "type": "leaf",
            "state": {
              "type": "canvas",
              "state": {
                "file": "Kernel customization/Flow of content.canvas",
                "viewState": {
                  "x": -597.5,
                  "y": -8.890625,
                  "zoom": 0
                }
              }
            }
          },
          {
            "id": "4c5407c95e7bb950",
            "type": "leaf",
            "state": {
              "type": "canvas",
              "state": {
                "file": "Kernel customization/Flow of content.canvas",
                "viewState": {
                  "x": -814.5,
                  "y": 15.5,
                  "zoom": 0
                }
              }
            }
          },
          {
            "id": "962887276ffda35a",
            "type": "leaf",
            "state": {
              "type": "markdown",
              "state": {
                "file": "Kernel customization/2.configure kernel.md",
                "mode": "source",
                "source": false
              }
            }
          },
          {
            "id": "c491b8ddd7a5abd4",
            "type": "leaf",
            "state": {
              "type": "markdown",
              "state": {
                "file": "Kernel customization/3.build kernel.md",
                "mode": "source",
                "source": false
              }
            }
          },
          {
            "id": "ebf279e1ea42f3cd",
            "type": "leaf",
            "state": {
              "type": "canvas",
              "state": {
                "file": "Kernel customization/Flow of content.canvas",
                "viewState": {
                  "x": -522,
                  "y": 19,
                  "zoom": -0.8829306966643372
                }
              }
            }
          },
          {
            "id": "e802e23d79ac0ea8",
            "type": "leaf",
            "state": {
              "type": "markdown",
              "state": {
                "file": "Kernel customization/Download& build kernel from vendor.md",
                "mode": "source",
                "source": false
              }
            }
          },
          {
            "id": "5d9a38c55b5f6601",
            "type": "leaf",
            "state": {
              "type": "canvas",
              "state": {
                "file": "Kernel customization/Flow of content.canvas",
                "viewState": {
                  "x": 78.90744797299062,
                  "y": 19,
                  "zoom": -0.8829306966643372
                }
              }
            }
          }
        ],
        "currentTab": 5
      }
    ],
    "direction": "vertical"
  },
  "left": {
    "id": "122ef04fb1dbc0e4",
    "type": "split",
    "children": [
      {
        "id": "f473825dcf54734b",
        "type": "tabs",
        "children": [
          {
            "id": "3584745b442becb2",
            "type": "leaf",
            "state": {
              "type": "file-explorer",
              "state": {
                "sortOrder": "alphabetical"
              }
            }
          },
          {
            "id": "e10ad23104f5fd48",
            "type": "leaf",
            "state": {
              "type": "search",
              "state": {
                "query": "",
                "matchingCase": false,
                "explainSearch": false,
                "collapseAll": false,
                "extraContext": false,
                "sortOrder": "alphabetical"
              }
            }
          },
          {
            "id": "de6c322cbc928f69",
            "type": "leaf",
            "state": {
              "type": "bookmarks",
              "state": {}
            }
          }
        ]
      }
    ],
    "direction": "horizontal",
    "width": 300
  },
  "right": {
    "id": "0e0d3f94cd64cadb",
    "type": "split",
    "children": [
      {
        "id": "58b7ae0fbfce6f67",
        "type": "tabs",
        "children": [
          {
            "id": "d05f1ac2e1db2663",
            "type": "leaf",
            "state": {
              "type": "backlink",
              "state": {
                "file": "Kernel customization/Download& build kernel from vendor.md",
                "collapseAll": false,
                "extraContext": false,
                "sortOrder": "alphabetical",
                "showSearch": false,
                "searchQuery": "",
                "backlinkCollapsed": false,
                "unlinkedCollapsed": true
              }
            }
          },
          {
            "id": "b88b0736ead555a5",
            "type": "leaf",
            "state": {
              "type": "outgoing-link",
              "state": {
                "file": "Kernel customization/Download& build kernel from vendor.md",
                "linksCollapsed": false,
                "unlinkedCollapsed": true
              }
            }
          },
          {
            "id": "5b22c73523486a45",
            "type": "leaf",
            "state": {
              "type": "tag",
              "state": {
                "sortOrder": "frequency",
                "useHierarchy": true
              }
            }
          },
          {
            "id": "7271314956e0809f",
            "type": "leaf",
            "state": {
              "type": "outline",
              "state": {
                "file": "Kernel customization/Download& build kernel from vendor.md"
              }
            }
          }
        ]
      }
    ],
    "direction": "horizontal",
    "width": 300,
    "collapsed": true
  },
  "left-ribbon": {
    "hiddenItems": {
      "switcher:Open quick switcher": false,
      "graph:Open graph view": false,
      "canvas:Create new canvas": false,
      "daily-notes:Open today's daily note": false,
      "templates:Insert template": false,
      "command-palette:Open command palette": false
    }
  },
  "active": "e802e23d79ac0ea8",
  "lastOpenFiles": [
    "Kernel customization/Commands   using main branch.md",
    "Kernel customization/2.configure kernel.md",
    "Kernel customization/Flow of content.canvas",
    "Kernel customization/Download& build kernel from vendor.md",
    "Kernel customization/3.build kernel.md",
    "Kernel customization/1.Download kernel.md",
    "Kernel customization/4.booting kernel.md",
    "Kernel customization/Screenshot from 2024-09-15 03-24-34.png",
    "Kernel customization/Screenshot from 2024-09-14 22-41-08.png",
    "Kernel customization/Screenshot from 2024-09-14 22-35-41.png",
    "Screenshot from 2024-09-14 22-35-01.png",
    "Kernel  customization.md",
    "Kernel customization",
    "Welcome.md"
  ]
}