{
  "main": {
    "id": "e5149ee463caff35",
    "type": "split",
    "children": [
      {
        "id": "db9f824ed1f8a0b2",
        "type": "tabs",
        "children": [
          {
            "id": "5661ca7d445ec931",
            "type": "leaf",
            "state": {
              "type": "canvas",
              "state": {
                "file": "RootFile system/Content  Flow.canvas",
                "viewState": {
                  "x": 254.379185520362,
                  "y": 236.86889140271458,
                  "zoom": -0.7122754015891746
                }
              }
            }
          },
          {
            "id": "ffc00be59fb4306a",
            "type": "leaf",
            "state": {
              "type": "markdown",
              "state": {
                "file": "RootFile system/Host machine configurations.md",
                "mode": "source",
                "source": false
              }
            }
          },
          {
            "id": "9a5a3dada912b632",
            "type": "leaf",
            "state": {
              "type": "markdown",
              "state": {
                "file": "RootFile system/Host machine configurations.md",
                "mode": "source",
                "source": false
              }
            }
          },
          {
            "id": "98fe8b7d4840eb3c",
            "type": "leaf",
            "state": {
              "type": "canvas",
              "state": {
                "file": "RootFile system/Content  Flow.canvas",
                "viewState": {
                  "x": 342,
                  "y": 492.5,
                  "zoom": -1.4219569132186347
                }
              }
            }
          },
          {
            "id": "167080b4045cf16d",
            "type": "leaf",
            "state": {
              "type": "canvas",
              "state": {
                "file": "RootFile system/Content  Flow.canvas",
                "viewState": {
                  "x": 377,
                  "y": 510,
                  "zoom": -1.3533530992196112
                }
              }
            }
          }
        ],
        "currentTab": 3
      }
    ],
    "direction": "vertical"
  },
  "left": {
    "id": "07a4db3a72aecab9",
    "type": "split",
    "children": [
      {
        "id": "4cdaefe40908e00f",
        "type": "tabs",
        "children": [
          {
            "id": "f4a40071dce9e652",
            "type": "leaf",
            "state": {
              "type": "file-explorer",
              "state": {
                "sortOrder": "alphabetical"
              }
            }
          },
          {
            "id": "7701026b865f8a26",
            "type": "leaf",
            "state": {
              "type": "search",
              "state": {
                "query": "",
                "matchingCase": false,
                "explainSearch": false,
                "collapseAll": false,
                "extraContext": false,
                "sortOrder": "alphabetical"
              }
            }
          },
          {
            "id": "53babb3357807935",
            "type": "leaf",
            "state": {
              "type": "bookmarks",
              "state": {}
            }
          }
        ]
      }
    ],
    "direction": "horizontal",
    "width": 300
  },
  "right": {
    "id": "97327d1ea48d6aca",
    "type": "split",
    "children": [
      {
        "id": "de923d6b3356f397",
        "type": "tabs",
        "children": [
          {
            "id": "ec6fa44fdd8b1ecf",
            "type": "leaf",
            "state": {
              "type": "backlink",
              "state": {
                "file": "RootFile system/Content  Flow.canvas",
                "collapseAll": false,
                "extraContext": false,
                "sortOrder": "alphabetical",
                "showSearch": false,
                "searchQuery": "",
                "backlinkCollapsed": false,
                "unlinkedCollapsed": true
              }
            }
          },
          {
            "id": "3d2373e9036d3f2e",
            "type": "leaf",
            "state": {
              "type": "outgoing-link",
              "state": {
                "file": "RootFile system/Content  Flow.canvas",
                "linksCollapsed": false,
                "unlinkedCollapsed": true
              }
            }
          },
          {
            "id": "929fb9714ab94518",
            "type": "leaf",
            "state": {
              "type": "tag",
              "state": {
                "sortOrder": "frequency",
                "useHierarchy": true
              }
            }
          },
          {
            "id": "96f8c74264f70f89",
            "type": "leaf",
            "state": {
              "type": "outline",
              "state": {
                "file": "RootFile system/Content  Flow.canvas"
              }
            }
          }
        ]
      }
    ],
    "direction": "horizontal",
    "width": 300,
    "collapsed": true
  },
  "left-ribbon": {
    "hiddenItems": {
      "switcher:Open quick switcher": false,
      "graph:Open graph view": false,
      "canvas:Create new canvas": false,
      "daily-notes:Open today's daily note": false,
      "templates:Insert template": false,
      "command-palette:Open command palette": false
    }
  },
  "active": "98fe8b7d4840eb3c",
  "lastOpenFiles": [
    "RootFile system/Host machine configurations.md",
    "RootFile system/busy box.md",
    "RootFile system/kernel file system.md",
    "RootFile system/Screenshot from 2024-09-16 23-19-18.png",
    "RootFile system/Screenshot from 2024-09-16 23-10-30.png",
    "RootFile system/Screenshot from 2024-09-16 23-12-59.png",
    "Untitled.md",
    "RootFile system/Content  Flow.canvas",
    "RootFile system/libraries.md",
    "RootFile system/Screenshot from 2024-09-16 08-16-10.png",
    "RootFile system/Screenshot from 2024-09-16 07-29-20.png",
    "RootFile system/1.create file system.md",
    "Untitled",
    "Welcome.md",
    "RootFile system"
  ]
}